Date,Calories (kcal),Distance (m),Low latitude (deg),Low longitude (deg),High latitude (deg),High longitude (deg),Average speed (m/s),Max speed (m/s),Min speed (m/s),Step count,Average weight (kg),Max weight (kg),Min weight (kg),Move Minutes count,Cycling duration (ms),Inactive duration (ms),Walking duration (ms),Running duration (ms),Hiking duration (ms),Sleep duration (ms),Light sleeping duration (ms),Deep sleeping duration (ms),Awake mid-sleeping duration (ms)
2014-07-29,132.04166666666666,,,,,,,,,,,,,,,,,,,,,,
2014-07-30,1584.5,,,,,,,,,,,,,,,,,,,,,,
2014-07-31,1452.4583333333333,,,,,,,,,,75.0,75.0,75.0,,,,,,,,,,
2015-02-19,132.04166666666666,,,,,,,,,,,,,,,,,,,,,,
2015-02-20,1584.5,,,,,,,,,,,,,,,,,,,,,,
2015-02-21,1452.4583333333333,,,,,,,,,,70.0,70.0,70.0,,,,,,,,,,
2016-11-12,127.875,,,,,,,,,,,,,,,,,,,,,,
2016-11-13,1534.5,,,,,,,,,,,,,,,,,,,,,,
2016-11-14,1406.625,,,,,,,,,,75.9999008178711,75.9999008178711,75.9999008178711,,,,,,,,,,
2016-11-17,132.87491861979166,,,,,,,,,,,,,,,,,,,,,,
2016-11-18,1594.4990234375,,,,,,,,,,,,,,,,,,,,,,
2016-11-19,1461.6241048177083,,,,,,,,,,74.0,74.0,74.0,,,,,,,,,,
2017-02-04,131.20833333333331,,,,,,,,,,,,,,,,,,,,,,
2017-02-05,1574.4999999999998,,,,,,,,,,,,,,,,,,,,,,
2017-02-06,1443.2916666666665,,,,,,,,,,74.0,74.0,74.0,,,,,,,,,,
2017-08-21,131.20833333333331,,,,,,,,,,,,,,,,,,,,,,
2017-08-22,1574.4999999999998,,,,,,,,,,,,,,,,,,,,,,
2017-08-23,1443.2916666666665,,,,,,,,,,72.99979400634766,72.99979400634766,72.99979400634766,,,,,,,,,,
2017-10-07,130.37482706705728,,,,,,,,,,,,,,,,,,,,,,
2017-10-08,1564.4979248046875,,,,,,,,,,,,,,,,,,,,,,
2017-10-09,1434.1230977376301,,,,,,,,,,72.00007629394531,72.00007629394531,72.00007629394531,,,,,,,,,,
2018-08-26,129.5417277018229,,,,,,,,,,,,,,,,,,,,,,
2018-08-27,1554.500732421875,,,,,,,,,,,,,,,,,,,,,,
2018-08-28,1554.500735477193,,,,,,,,,,80.0,80.0,80.0,,,,,,,,,,
2018-08-29,761.0154591842653,,,,,,,,,,80.0,80.0,80.0,,,,,,,,,,
2018-10-26,136.20833333333331,,,,,,,,,,,,,,,,,,,,,,
2018-10-27,1634.4999999999998,,,,,,,,,,,,,,,,,,,,,,
2018-10-28,1498.2916666666665,,,,,,,,,,78.00019836425781,78.00019836425781,78.00019836425781,,,,,,,,,,
2019-02-09,134.54182942708331,,,,,,,,,,,,,,,,,,,,,,
2019-02-10,1614.5019531249998,,,,,,,,,,,,,,,,,,,,,,
2019-02-11,1479.9601236979165,,,,,,,,,,80.0136947631836,80.0136947631836,80.0136947631836,,,,,,,,,,
2019-02-15,136.21975708007812,,,,,,,,,,,,,,,,,,,,,,
2019-02-16,1634.6370849609375,,,,,,,,,,,,,,,,,,,,,,
2019-02-17,1634.6370849609375,,,,,,,,,,79.30012512207031,79.30012512207031,79.30012512207031,,,,,,,,,,
2019-02-18,1634.0424296061199,,,,,,,,,,,,,,,,,,,,,,
2019-02-19,1627.417744954427,,,,,,,,,,79.19999694824219,79.19999694824219,79.19999694824219,,,,,,,,,,
2019-02-20,1626.49951171875,,,,,,,,,,79.19999694824219,79.19999694824219,79.19999694824219,,,,,,,,,,
2019-02-21,1626.4995086413471,,,,,,,,,45,79.199951171875,79.199951171875,79.199951171875,,,,,,,,,,
2019-02-22,1946.2001203157656,1987.2833271697716,-33.9775121,18.4655081,-33.8636086,18.6843363,1.4127998548972118,36.321144104003906,0.0,2597,79.19996643066408,79.19999694824219,79.19993591308594,29,,22216426,1428678,1440000,,,7260000,4680000,
2019-02-23,2301.1323977952625,5348.12462227786,-33.8784642,18.5641651,-33.8628346,18.6898065,1.5016943616324132,24.920011520385742,0.0,5489,,,,43,,45923777,10260418,,,,21540000,2940000,
2019-02-24,2207.376471483338,4929.263864758669,-33.8637111,18.6591252,-33.84767,18.6860269,0.4558224794128268,15.061866760253906,0.0,5341,,,,60,,41421217,2572946,2643176,,,31500000,4980000,
2019-02-25,1888.912499705781,1840.0439728501876,-33.8636587,18.6711971,-33.8572224,18.6842496,0.09619989802857949,5.042351722717285,0.003341829404234886,645,,,,2,,48991826,423947,1440000,,,24780000,9660000,
2019-02-26,1927.917864775754,2048.3640327207404,-33.9776512,18.4651266,-33.8628661,18.6853933,0.21948939119638303,1.0202937126159668,0.00286704464815557,2755,,,,21,,46414199,4286533,,,,20940000,6180000,
2019-02-27,1892.6173943677575,3629.8849697013193,-33.9813266,18.463042,-33.8588883,18.6854494,0.3596797440908304,2.5193870067596436,0.0015007898909971118,4576,,,,38,,42795117,3853602,,,,24540000,10080000,
2019-02-28,1801.8226652145383,404.3650688072096,-33.8636463,18.6841827,-33.8635195,18.6842935,0.06104421210831137,0.1433333307504654,8.185539045371115E-4,583,,,,,,49966257,973743,600000,,,29760000,5100000,
2019-03-01,2482.31523596247,4055.947967211688,-33.9776663,18.4643495,-33.8635373,18.6843247,0.2068539319063212,1.1441307067871094,0.0,5560,,,,84,,44182955,5418200,3300000,,,20280000,7860000,
2019-03-02,2842.1094394700604,8940.150701582334,-34.045281,18.4705917,-33.8119477,18.697207,0.7616742875551206,34.77000045776367,0.0,12752,,,,167,,29384539,15014219,1620000,,,21300000,9600000,
2019-03-03,2051.3307886600496,3566.372638858598,-34.09870756167531,18.357836963454577,-33.8635687,18.6854658,2.3086118337104358,29.743989944458008,0.0,4876,,,,42,,32156256,4164275,900000,,,26580000,11760000,
2019-03-04,1887.222050857544,1855.0378513336182,-33.9774684,18.4654258,-33.8635665,18.6842458,1.185279552691951,31.052562713623047,0.001236979034729302,3163,,,,29,,45423029,3599174,,,,24900000,7260000,
2019-03-05,2096.317877639895,5216.547010886352,-33.9777784,18.4652568,-33.8179113,18.6858217,0.30350051607430595,3.2899999618530273,0.0,5989,,,,48,,41749855,3578904,1397103,,,27060000,6780000,
2019-03-06,2230.498959784145,3617.5478903177573,-33.9777568,18.4652444,-33.8567694,18.6899587,3.6567628256051914,32.68203353881836,0.0,2806,,,,42,,55683347,2734827,2760000,,,16260000,4920000,
2019-03-07,1857.018431997299,846.3714784250842,,,,,0.39090472386788827,1.4757355451583862,0.01122443936765194,1916,,,,19,,68355236,3187067,,,,6240000,4620000,
2019-03-08,2062.777398842676,3785.8366044773597,-33.9813305,18.4630329,-33.8635653,18.6842846,0.36156298722571434,2.035104990005493,7.4074073927477E-4,5646,,,,48,,49297285,5585407,420000,,,18780000,7440000,
2019-03-09,1946.551045759558,1429.9645699184991,-33.8903675,18.6310474,-33.8635423,18.6842789,0.22391275368316016,3.4834983348846436,0.0012401480926200747,2958,,,,29,,37265945,4575484,,,,20520000,14040000,
2019-03-10,1910.3213439641381,1069.8876123578784,-33.8636206,18.672876,-33.8184736,18.6842893,0.140738992347655,0.34333333373069763,0.002159244380891323,1495,,,,15,,50646857,2520537,660000,,,24300000,6960000,
2019-03-11,2038.2559786310383,3362.0606172927137,-33.9796563,18.464628,-33.8635839,18.6851805,1.2819074160778083,29.701622009277344,0.0,4236,,,,28,,37378319,6154647,,,,22860000,12540000,
2019-03-12,1651.499366491269,258.3158494767471,-33.8636612,18.6841876,-33.8635434,18.684337,0.004302578512579203,0.004302578512579203,0.004302578512579203,92,,,,,,48120000,,,,,29640000,8640000,
2019-03-13,2057.4905704888934,4008.8969006660254,-33.9777319,18.4634594,-33.8635527,18.6842609,0.657161526097513,2.3560590744018555,0.0016857506707310677,6067,,,,61,,52084575,5615833,300000,,,17880000,6900000,
2019-03-14,1766.8978932932835,381.1743522958524,-33.863611,18.684216,-33.8635508,18.6842548,2.2654912272587144,22.19685173034668,0.009838349185883999,591,,,,4,,56251978,1789531,,,,20640000,4140000,
2019-03-15,1960.1152141189448,1371.111249446869,-33.9775293,18.4653433,-33.9774113,18.4657817,1.7026827441631984,32.38717269897461,0.10537288337945938,3418,,,,44,,73362256,4785726,,,,,,
2019-03-16,2008.925593131836,1895.6709022670984,-33.938483,18.8588491,-33.9368046,18.8595795,0.5073893167914497,1.612504005432129,0.23794926702976227,4350,,,,45,,63396477,5542751,,,,6300000,3420000,
2019-03-17,2410.97270119833,2178.5149042592884,-34.1528274,18.6841769,-33.863549,19.0431207,3.442223557045644,33.85323715209961,0.0,3067,,,,19,,35904729,4854814,3060000,,,20220000,8340000,
2019-03-18,2300.2763214965657,2542.7920372912076,-33.9777243,18.4642977,-33.8622261,18.6857922,0.23381708005420754,1.1907639503479004,0.0,2500,,,,15,,42890720,3952629,2700000,,,24000000,8100000,
2019-03-19,2001.6345046620995,2191.1943218055176,-33.9777067,18.464298,-33.863569,18.6842361,0.7422819714519333,33.27984619140625,1.3908205437473953E-4,4513,,,,53,,43431273,5429685,,,,24300000,8400000,
2019-03-20,2148.2992159864166,3449.2470545086585,-33.9778163,18.4642378,-33.8635548,18.6842622,1.0538053202008117,33.01424026489258,0.0026266416534781456,5566,,,,79,,50546770,6481911,540000,,,15600000,5760000,
2019-03-21,1751.8318328734917,764.8909685611725,,,,,1.146731657242125,20.846141815185547,0.1456451416015625,1893,,,,17,,80003796,1555896,,,,,,
2019-03-22,2153.2053738471213,8231.832790022565,-33.8637075,18.5265151,-33.8192628,18.6859851,1.7127314676212593,26.79758644104004,0.11947016417980194,5499,,,,99,2321907,56639632,5299819,,,,6360000,6720000,
2019-03-23,1928.268561773526,1440.1499465649588,-33.8636765,18.6841739,-33.8635205,18.6843278,0.4869990562939209,1.6048901081085205,0.0,2999,,,,29,,43626477,4291970,,,,25080000,1440000,
2019-03-24,1870.0305153399438,927.6738061904907,-33.8636003,18.6842121,-33.8635507,18.6842372,0.47566354007543177,1.3063709735870361,0.25341275334358215,2053,,,,23,,66549327,3388850,,,,9720000,1260000,
2019-03-25,1989.9647007147473,2452.235826729475,-33.9801035,18.4630548,-33.8635399,18.6842528,0.3603294753777062,1.533945918083191,0.0,4176,,,,50,,44937505,5248717,,,,25560000,6600000,
2019-03-26,2313.9148864507674,3327.250769846593,-33.9774725,18.464275,-33.862006,18.6847747,0.45077439820576365,6.339702606201172,0.0,3117,,,,39,,46518193,3185570,3132550,,,23100000,6960000,120000
2019-03-27,1885.895774763085,2087.238265164998,-33.9774775,18.4657738,-33.8635341,18.6842596,0.6813219931628522,1.7749998569488525,0.0,3295,,,,32,,56666493,3654464,60767,,,16680000,3900000,
2019-03-28,1751.8940668647385,886.7647316455841,,,,,0.554297601493367,1.5793339014053345,0.2805768549442291,1735,,,,21,,82992129,1556862,,,,,,
2019-03-29,2204.049742768008,2291.5106950998306,-33.9774464,18.4654063,-33.9773492,18.4656695,0.7854493626281087,1.4026626348495483,0.2459903210401535,4037,,,,62,,73594784,8568617,,,,,,
2019-03-30,1993.4150482241853,1598.4470987375028,,,,,1.1170754725505307,24.964141845703125,0.26052019000053406,4035,,,,40,,64612226,5302170,,,,6180000,2940000,
2019-03-31,1887.572503603116,732.3752364992787,-33.8636789,18.6842398,-33.8623942,18.6854028,3.2395570913781717,33.05901336669922,0.0,1665,,,,14,,38961900,1353333,1020000,,,27480000,6420000,
2019-04-01,2151.9223665759578,4664.2771764988765,-33.9804365,18.4636012,-33.8635968,18.6842566,0.49789020803071904,5.87463903427124,0.0,4338,,,,48,,45850700,3814656,1800000,,,22320000,6900000,
2019-04-02,2143.855394977546,4508.540148451408,-33.9111113,18.5515981,-33.8576317,18.6935708,0.37194493271232965,2.259999990463257,0.00512104295194149,5084,,,,38,,52776957,1456848,2643650,,,20340000,5640000,
2019-04-03,1899.3510419235254,1863.7471784949303,-33.9807845,18.4634083,-33.8635547,18.6842188,0.6302442819835027,1.6878725290298462,0.06383785605430603,3524,,,,38,,62332091,3843535,,,,8400000,3960000,60000
2019-04-04,2182.2787367512246,2880.770132660866,-33.9783592,18.4652994,-33.8635722,18.6842987,1.7255759007742193,32.99031448364258,0.0,3786,,,,4,,48224684,3887389,1920000,,,19200000,5340000,780000
2019-04-05,1898.1414898773648,1844.3919994831085,-33.9776942,18.465349,-33.9774342,18.465518,2.3367082980993192,32.96270751953125,0.2915906012058258,3496,,,,40,,71711270,3824778,,,,,,
2019-04-06,2395.102174465446,14349.721145629883,-33.8890857,18.5634911,-33.8577781,18.686324,2.318412616379079,17.04354476928711,0.18399421870708466,2844,,,,34,797630,72277058,3768973,,,,,,
2019-04-07,1712.9843851271269,362.9121513366699,,,,,0.7059134597223101,1.3075052499771118,0.32964757084846497,1049,,,,10,,83906538,953474,,,,,,
2019-04-08,1984.9296470765178,1898.123762845993,-33.9776733,18.4650579,-33.9773581,18.4657848,0.7186886645855896,1.595268726348877,0.24825847148895264,3456,,,,44,,75145658,5170637,,,,,,
2019-04-09,1819.996679476993,1092.2606439590454,,,,,0.758956197345755,1.5819461345672607,0.25220608711242676,2286,,,,28,,79322782,2612955,,,,,,
2019-04-10,1757.6742145720905,743.1875426769257,,,,,4.575614518328492,35.38142776489258,0.2697921693325043,2077,,,,21,,75691769,1646497,,,,,,
2019-04-11,1860.837116566265,1069.771991968155,,,,,1.009398919928452,6.618753433227539,0.27071505784988403,2227,,,,30,,72119748,3246284,,,,,,
2019-04-12,1831.6469612021983,874.7551200389862,,,,,1.12376870262694,29.376510620117188,0.2633831799030304,2804,,,,29,,79313358,2793620,,,,,,
2019-04-13,2191.338977020966,1500.3664300441742,,,,,2.0446417835847397,25.226726531982422,0.2549719214439392,4641,,,,46,,69697672,8371507,,,,,,
2019-04-14,1693.1519722054502,258.16255283355713,,,,,0.594769274996929,1.5023022890090942,0.3018653988838196,1015,,,,6,,81944450,645925,,,,,,
2019-04-15,1968.1689265545835,2651.586362361908,,,,,1.7440109297552449,27.773786544799805,0.2695573568344116,4477,,,,49,,73739014,4887419,,,,,,
2019-04-16,1688.4289805675824,68.63513088226318,,,,,0.38462793207874196,0.6342505812644958,0.27340108156204224,818,,,,3,,80655088,572683,,,,,,
2019-04-17,1831.7788644941663,1822.9645981788635,,,,,1.7460847963144284,29.14171028137207,0.2913755178451538,4100,,,,47,,66997618,2794689,,,,,,
2019-04-18,1651.4993717772124,,,,,,,,,71,,,,,,86400000,,,,,,,
2019-04-19,1651.49937685745,,,,,,3.43332278135843,4.871695518493652,1.9949405193328857,973,,,,3,,84026053,,,,,,,
2019-04-20,2019.7316290039741,2478.6820228099823,,,,,0.9911218798685006,11.930000305175781,0.2697921693325043,5563,,,,68,,71168487,5710324,,,,,,
2019-04-21,1664.8725056817664,177.84233856201172,,,,,0.6307176928538033,1.2998194694519043,0.31173762679100037,904,,,,5,,81287091,207383,,,,,,
2019-04-22,1843.532941819803,503.5568902492523,,,,,0.6919786160418053,16.700000762939453,0.24381107091903687,3168,,,,54,935061,71439751,1979078,,,,,,
2019-04-23,1797.6107155482257,1033.6963150501251,,,,,1.0121177411394104,17.020000457763672,0.2904895544052124,4082,,,,45,,73422343,2265807,,,,,,
2019-04-24,1781.6672649422947,778.1546182632446,,,,,2.1949755427016178,32.51005172729492,0.20545203983783722,3068,,,,24,,69810507,1999572,,,,,,
2019-04-25,1752.020896667019,841.5163640677929,,,,,1.3999901683800826,32.30762481689453,0.32042619585990906,3604,,,,38,,66972388,1558828,,,,,,
2019-04-26,1843.7709894808863,1718.3713800907135,,,,,0.782273242606472,1.244728446006775,0.31037017703056335,4537,,,,59,,76758813,2981633,,,,,,
2019-04-27,1780.1736253584163,1107.5709051787853,-34.1125691,18.8477669,-34.1121412,18.8481865,1.571747878571012,32.93787384033203,0.14612114429473877,4411,,,,49,,72765770,1715721,123627,,,,,
2019-04-28,1726.701225190987,241.0840539932251,-34.1122315,18.8480238,-34.1121282,18.8481865,0.5436065593437402,1.009322166442871,0.055182866752147675,2575,,,,27,540099,72935526,589234,,,,,,
2019-04-29,1772.7818820509042,461.8127655982971,,,,,0.5564421034773929,1.1829509735107422,0.28660956025123596,1882,,,,26,,53689096,365068,669985,,,,,
2019-04-30,2001.0966525583783,4948.030200242996,,,,,0.9715168726887239,1.655930519104004,0.28701871633529663,8210,,,,92,,75364402,5421344,,,,,,
2019-05-01,1739.417069408739,72.7665045261383,,,,,0.4310418201094572,0.5183502435684204,0.32754719257354736,148,,,,16,910066,81758537,391214,,,,,,
2019-05-02,1897.049478990614,3093.342586874962,,,,,0.8955262548463555,1.1836776733398438,0.2891870141029358,4913,,,,60,,67125126,3807844,,,,,,
2019-05-03,1703.694732467984,861.1478176116943,,,,,1.2902920218029537,2.789118766784668,0.9768208861351013,1291,,,,13,,68498934,809415,,,,,,
2019-05-04,1827.8307073984042,2938.3674911260605,,,,,0.796008414842072,1.399307131767273,0.3237506151199341,5231,,,,62,,80645274,2734440,,,,,,
2019-05-05,1706.6001506182145,278.7409760874775,-34.112215,18.8481415,-34.1121291,18.8481822,0.8128328391198503,1.0645798444747925,0.2590004801750183,3246,,,,26,,52501666,854470,,,,7140000,660000,
2019-05-06,1909.3001769878451,2807.2716478484604,-34.1126388,18.6841026,-33.8635355,18.8708309,0.9503588619221526,28.4436092376709,0.0024291498120874166,6119,,,,77,,45941092,3997820,,,,15960000,5400000,180000
2019-05-07,1770.542320152925,1015.6248895525932,,,,,2.4371597328130763,31.239547729492188,0.01778280921280384,2268,,,,26,,74133483,1781065,,,,,,
2019-05-08,1676.7484968026574,261.8045073747635,,,,,0.5634468698657348,1.46139657497406,0.3339141309261322,864,,,,9,,80026360,391549,,,,,,
2019-05-09,1807.291039128375,1232.4376816749573,-33.8635992,18.6842059,-33.8635005,18.6842406,0.6643887231128357,1.4923583269119263,0.2605636715888977,2788,,,,38,,57602938,2415923,,,,12060000,4380000,4380000
2019-05-10,2069.4863147391516,1729.7768835425377,-33.9777118,18.4650533,-33.8635372,18.6842185,1.075664331231394,33.522151947021484,0.0,3335,,,,35,,46956609,2816963,1620000,,,22680000,5940000,
2019-05-11,2387.539263397455,5645.581345796585,-33.863880090360794,18.671573,-33.8257865,18.7956047,1.7014535202544752,32.29200744628906,0.0,5350,,,,94,,48593959,9132576,900000,,,14280000,6120000,
2019-05-12,1677.416534784533,199.7540624141693,,,,,0.690217097794397,1.7947405576705933,0.41138413548469543,684,,,,8,,79249483,401908,,,,,,
2019-05-13,1834.5088947433344,1604.9464525282383,,,,,2.066289604751971,35.02225875854492,0.20844976603984833,3408,,,,47,,76587796,2824758,,,,,,
2019-05-14,1811.1030257076666,1451.2374810427427,-33.9777323,18.4650457,-33.9773937,18.4657691,1.5219985672836382,33.053062438964844,0.293822705745697,3059,,,,42,,77772459,2475038,,,,,,
2019-05-15,1808.8153753029853,1859.2617355883121,-33.9777112,18.4652004,-33.9773541,18.4657655,1.5732709367793247,32.1318244934082,0.193807914853096,3477,,,,45,,78281699,2239803,,,,,,
2019-05-16,1837.0825591478704,1638.865649163723,-33.9785141,18.4652556,-33.9566187,18.4723353,0.6725320152971777,20.4490966796875,0.12746194005012512,3438,,,,46,,75596113,2877913,,,,,,
2019-05-17,2005.7786160067176,3810.287689985004,-33.9805458,18.4633622,-33.977376,18.4657845,1.292378497412431,34.15556716918945,0.12515941262245178,7506,,,,78,,74993549,3857797,722867,,,,,
2019-05-18,1990.8524856760052,4232.374533175263,-33.92768705270304,18.4420945,-33.863461,18.6843118,2.3866575839908313,39.56757354736328,0.014285714365541935,3448,,,,1,,55031857,1021198,1860000,,,11040000,5940000,
2019-05-19,1767.8727180204392,597.9847507476807,-33.8636618,18.6841709,-33.8634823,18.6842872,0.6030475464993895,1.242119312286377,0.3473888337612152,1917,,,,21,,79843684,1804647,,,,,,
2019-05-20,1826.740587539652,2138.696957230568,-33.9805839,18.4632895,-33.9773957,18.4657744,1.8414262891594593,32.78998565673828,0.28310367465019226,3545,,,,42,,77283692,2716105,,,,,,
2019-05-21,1668.896587062467,287.4059920310974,,,,,1.849189127006657,3.525657892227173,0.8055264949798584,810,,,,8,,84126972,269787,,,,,,
2019-05-22,1718.2244931293578,610.770697593689,,,,,0.8560337384226246,1.635441780090332,0.4067579209804535,1433,,,,15,,75789045,1034734,,,,,,
2019-05-23,1943.369355080338,3331.561925292015,-33.9805358,18.4630791,-33.9773317,18.4659612,1.0986896795676264,22.969619750976562,0.09319692105054855,6364,,,,83,,73957744,4525651,,,,,,
2019-05-24,1842.5426435811328,1555.3212340474129,,,,,1.7419745162438276,27.135971069335938,0.2591494917869568,3043,,,,32,,72944837,2949540,,,,,,
2019-05-25,1659.4745950195397,43.36042112112045,,,,,2.266047200666014,4.190000057220459,0.01447619590908289,429,,,,4,,62533403,123676,,,,,,
2019-05-26,1652.7380991734965,9.065017223358154,,,,,,,,482,,,,3,,84539530,19211,,,,,,
2019-05-27,1778.442591134207,1140.9296191334724,,,,,0.7692478419023906,1.3808706998825073,0.30711519718170166,2576,,,,36,,79911145,1968410,,,,,,
2019-05-28,1683.170361556244,179.12510919570923,,,,,2.2892296336561158,23.983154296875,0.3189540505409241,656,,,,6,,79883437,491136,,,,,,
2019-05-29,1783.1343540174166,1176.6790054738522,-33.9785007,18.4651255,-33.9773933,18.4657776,2.0473912821610245,32.91669845581055,0.18180884420871735,2636,,,,35,,79196069,2041317,,,,,,
2019-05-30,1785.4623197689336,1038.2972366809845,,,,,0.7849832555696448,1.4584232568740845,0.28058382868766785,2378,,,,30,,75366156,2077418,,,,,,
2019-05-31,1860.692671704072,2751.4418558329344,-33.9807598,18.4621839,-33.97737,18.4657627,0.9880056567458496,2.111097812652588,0.0835244208574295,4834,,,,54,,76116231,3243001,,,,,,
2019-06-01,1772.038944590003,1472.143843486905,-33.8529326,18.6967816,-33.8507057,18.6974661,6.901301718539852,33.737388610839844,0.27157437801361084,3364,,,,26,,71633406,1869256,,,,,,
2019-06-02,1704.903001010314,300.46005868911743,,,,,1.5726324111892724,27.182405471801758,0.19962909817695618,1022,,,,10,,76833588,828152,,,,,,
2019-06-03,1764.840353827841,956.9633378088474,,,,,0.5577909677636571,1.281101107597351,0.2251039296388626,2090,,,,28,,80908747,1757624,,,,,,
2019-06-04,1731.5144009410362,859.8874626741176,-33.8528718,18.6956539,-33.8514268,18.6976502,0.7637520559391695,1.9133142232894897,0.2669873535633087,2174,,,,24,,77699075,1240826,,,,1920000,3900000,
2019-06-05,1897.322361711761,2658.7615932836766,-33.9805172,18.4629832,-33.9773313,18.4657622,0.6551857037661102,3.861999988555908,0.0,3711,,,,39,,54822576,3935674,,,,17760000,5580000,
2019-06-06,1848.1550422178846,1901.7481904625893,,,,,2.5051305035212033,28.538434982299805,0.2104189097881317,3909,,,,52,,78098709,3049618,,,,,,
2019-06-07,1756.9006393508391,875.0593466758728,,,,,0.8051342506608975,1.3275753259658813,0.3019051253795624,1905,,,,24,,80142258,1634500,,,,,,
2019-06-08,1678.2660399286162,224.67484045028687,,,,,0.7026485564337465,1.6320058107376099,0.17495585978031158,1069,,,,9,,72275976,415082,,,,,,
2019-06-09,1663.9204433238178,20.72003936767578,,,,,0.3117787390947342,0.36135122179985046,0.2622062563896179,912,,,,,,80699434,192620,,,,,,
2019-06-10,1865.4628740806857,1577.0095284581184,-33.9776598,18.4651406,-33.9773837,18.4657731,0.6595480443737166,1.7122234106063843,0.14603888988494873,3118,,,,41,,77812555,3311753,,,,,,
2019-06-11,1651.4993864667383,,,,,,,,,115,,,,,,86188034,,,,,,,
2019-06-12,1857.144171904838,1850.3049877028666,-33.9805085,18.4632636,-33.9773879,18.4656866,1.9593348192829854,32.095088958740234,0.12946806848049164,3884,79.199951171875,79.199951171875,79.199951171875,46,,62731261,3188594,,,,5580000,2400000,
2019-06-13,1754.3857034980879,1203.8550099987783,-33.9777794,18.4648245,-33.8635365,18.6842433,1.640119925628527,31.05206871032715,0.005976544693112373,1769,79.19989013671875,79.19989013671875,79.19989013671875,23,,56221674,1595508,,,,20880000,3060000,
2019-06-14,1971.560175874324,2618.2944200634956,-33.9812891,18.4631621,-33.9773964,18.4657538,0.7628132920741267,12.696221351623535,0.19409498572349548,6007,,,,83,,72021306,4963321,,,,,,
2019-06-15,1920.9456656045438,1947.3984896540642,,,,,1.247969480512908,33.301734924316406,0.21360142529010773,4296,,,,49,703904,67313069,3221639,88820,,,,,
2019-06-16,2008.2296293120012,3599.580694168806,-33.9118157,18.4176184,-33.9053942,18.4233164,0.6637254564620041,1.475880742073059,0.09006056934595108,7179,,,,82,,73939033,4760171,341156,,,,,
2019-06-17,1651.4988376141334,,,,,,,,,277,,,,,,85574623,,,,,,,
2019-06-18,1762.7820202976377,1145.2236067056656,,,,,0.7862852038042423,1.9014391899108887,0.28058382868766785,2525,,,,38,,80972667,1725714,,,,,,
2019-06-19,1771.447192584875,1120.2112606167793,-33.980518,18.4630579,-33.9773615,18.4658006,0.3948248893960768,2.2929470539093018,0.10366661846637726,2911,,,,28,,77052914,1860088,,,,,,
2019-06-20,1824.8445377055905,1753.2963630259037,-33.9798613,18.4635289,-33.9773946,18.4657761,0.45744577677239734,2.086747884750366,0.10404036194086075,3475,,,,45,,79660027,2688143,,,,,,
2019-06-21,1787.4392301520443,1045.505843758583,-33.9778067,18.4650638,-33.9773819,18.4658059,0.6124473250169448,1.440474271774292,0.21544218063354492,2306,,,,28,,77964942,2108083,,,,,,
2019-06-22,1919.6305226844815,2131.110974550247,-33.9186457,18.5469412,-33.8524172,18.6972569,0.6278717502235764,1.5901060104370117,0.2590004801750183,4640,,,,59,,76991855,4158027,,,,,,
2019-06-23,1673.5422231215753,39.42835983711203,-33.863584,18.6842076,-33.8635351,18.6842335,0.31644683628833614,0.32218265533447266,0.30519887804985046,527,,,,1,,67375378,341837,,,,11100000,3660000,3600000
2019-06-24,1846.9416005767587,1530.0138396315006,-33.9777441,18.4652066,-33.8635721,18.6842019,0.39468540730232754,1.806739330291748,7.772020762786269E-4,2567,,,,26,,50577549,3030810,,,,21060000,4500000,1140000
2019-06-25,1943.6517914296826,3354.7258499860764,-33.9800138,18.4634277,-33.9742306,18.4657945,0.8570705511102862,1.6098554134368896,0.09559250622987747,5914,,,,71,,78152455,4530535,,,,,,
2019-06-26,1753.4013968561899,708.6992620229721,,,,,0.8780569845041678,1.2935329675674438,0.3288863003253937,2037,,,,27,,77414150,1580244,,,,,,
2019-06-27,1669.6486998869539,125.82157514868734,-33.8636101,18.6841953,-33.8635208,18.6842398,0.4112643540558379,0.7446932792663574,0.2697921693325043,388,,,,2,,69331533,281456,,,,10800000,5100000,
2019-06-28,1981.6488710070319,4042.2108628910923,-33.9776922,18.4629083,-33.8635573,18.6842276,2.111029285850083,35.18714141845703,0.26663514971733093,6469,,,,52,,50616612,3937660,840000,,,13020000,8640000,
2019-06-29,1714.6787958331595,497.2807741165161,,,,,7.816038497237697,35.291297912597656,0.16543425619602203,1889,,,,20,,67900292,979758,,,,,,
2019-06-30,1889.7916914766308,1542.223128259182,,,,,0.864747437793142,1.4515681266784668,0.30216723680496216,3221,,,,41,,73186175,3695308,,,,,,
2019-07-01,1873.1261271609592,1335.0840710401535,-33.9776803,18.4650928,-33.9773819,18.4658007,0.64924704307525,1.3065598011016846,0.19319351017475128,2632,,,,37,,78457350,3436864,,,,,,
2019-07-02,1651.4988990733148,,,,,,,,,306,,,,,,86309925,,,,,,,
2019-07-03,1830.491017956829,1965.335011601448,-33.9816337,18.4633129,-33.977371,18.465509,2.0127805169693245,32.99278259277344,0.21965691447257996,4005,,,,51,,78039906,2775704,,,,,,
2019-07-04,1783.6382771335825,932.3538469672203,-33.8574787,18.6708491,-33.8563703,18.6724084,0.9500755889255658,1.7607959508895874,0.215465247631073,2647,,,,35,,72971822,2048770,,,,,,
2019-07-05,1948.3046840292184,3445.6921853125095,-33.9774618,18.4641287,-33.8599281,18.6861276,0.7300106321501425,2.099238872528076,0.08331926167011261,6651,,,,70,,77762207,4581089,,,,,,
2019-07-06,1739.9646067280405,389.2586336135864,,,,,1.341321483794683,36.50897216796875,0.19620037078857422,2556,,,,23,,73062119,1162910,92368,,,,,
2019-07-07,1811.4514619761153,1446.560065716505,-33.9065462,18.4124262,-33.9006819,18.4197702,0.6962539077806961,1.2885489463806152,0.2593419551849365,3038,,,,32,,77740419,2480451,,,,,,
2019-07-08,1683.3526943696363,43.108643531799316,,,,,0.34960700571537023,0.3751663863658905,0.32404762506484985,324,,,,1,,84176274,493969,,,,,,
2019-07-09,1845.6962145671603,1134.842202603817,-33.9776772,18.4652175,-33.9770093,18.4658137,0.6711260454523588,1.4731578826904297,0.25826796889305115,3066,,,,41,,78507625,3011496,,,,,,
2019-07-10,1885.638006011009,1824.3691852539778,-33.9807946,18.4624662,-33.9773624,18.4657984,0.7167674282651436,1.9104673862457275,0.22951339185237885,5147,,,,57,,73787626,3630669,,,,,,
2019-07-11,2069.6083464399094,5330.473599255085,-33.9805057,18.4626989,-33.9773273,18.4658217,1.5237055261263248,33.37025833129883,0.024418413639068604,6872,,,,80,,73448327,4959222,210229,,,,,
2019-07-12,1968.1546323134862,2340.870110422373,-33.8621135,18.6710102,-33.8564432,18.6852175,0.8781353850024505,18.57746696472168,0.16332827508449554,5248,,,,72,,69641168,4910510,,,,,,
2019-07-13,1760.6834277160126,869.3284216225147,,,,,7.964069023260005,30.829999923706055,0.24810060858726501,1829,,,,21,,63698333,1693170,,,,,,
2019-07-14,1673.5442177425523,201.75281620025635,,,,,2.661231302574822,4.58755350112915,0.3238585591316223,1228,,,,6,,83763276,283701,,,,,,
2019-07-15,1748.6122028900961,551.626042842865,,,,,1.044789279881623,17.58572006225586,0.25357139110565186,1723,,,,21,,78161246,1505976,,,,,,
2019-07-16,1854.1651309732194,2289.78144967556,,,,,0.753306466767986,1.4748680591583252,0.06195857748389244,3306,,,,40,,80028654,3142829,,,,,,
2019-07-17,1879.2397066809156,1957.2191858291626,-34.3276843,21.3870425,-34.3276843,21.3870425,0.44877342574831425,1.1542844772338867,0.25962355732917786,3776,,,,47,,78729208,3531671,,,,,,
2019-07-18,1806.418784391124,1306.7902636528015,,,,,3.714691203308377,30.68275260925293,0.28058382868766785,2770,,,,32,,61552545,2402407,,,,,,
2019-07-19,1849.7907766924063,892.1225864887238,,,,,0.48694964792392936,1.0903959274291992,0.2510756552219391,3580,,,,38,,71908712,3074994,,,,,,
2019-07-20,1930.3841904796896,2496.264264345169,,,,,3.6696845288912026,30.882709503173828,0.259242445230484,4477,,,,55,,74680379,3998141,,,,,,
2019-07-21,1673.502173836208,52.08668899536133,,,,,7.324181188295837,36.130001068115234,0.3626443147659302,326,,,,1,,78853976,341215,,,,,,
2019-07-22,1854.977811250334,1957.8809953927994,-33.9805129,18.4629989,-33.977384,18.4657115,2.069729232242446,32.44306564331055,0.09377440065145493,3551,,,,47,,72346611,3155431,,,,,,
2019-07-23,1675.3305863431465,107.46193528175354,,,,,3.244543187340428,18.447011947631836,0.26004543900489807,505,,,,6,,83567783,369569,,,,,,
2019-07-24,1748.4476473132409,856.7280414104462,,,,,2.920616277827154,32.16953659057617,0.21646325290203094,2106,,,,30,,77305906,1503425,,,,,,
2019-07-25,1686.6776900857783,248.42397284507751,,,,,0.5055576985514653,1.1070866584777832,0.14085355401039124,1041,,,,14,,32147027,545533,,,,,,
2019-07-26,1651.498777798294,,,,,,23.61929558878801,31.860000610351562,0.6399999856948853,5310,,,,60,,21683358,,,,,,,
2019-07-27,1934.8821872940148,2445.1941492557526,-33.926914,18.423177,-33.9241426,18.4273175,0.7983394578609674,14.347289085388184,0.27284377813339233,5784,,,,66,,72947383,4394541,,,,,,
2019-07-28,1669.308660941003,29.785056114196777,,,,,0.3518383651971817,0.4298049807548523,0.2738717496395111,187,,,,2,,84840743,276184,,,,,,
2019-07-29,1830.3354455433655,1199.6326035782695,-33.9777443,18.4652728,-33.9773559,18.4657855,0.669926874160909,1.5644017457962036,0.13270772993564606,2941,,,,38,,77295879,2772406,,,,,,
2019-07-30,1684.729598671632,199.75152552127838,,,,,1.9062030120917057,21.80415916442871,0.2545386850833893,736,,,,5,,81436998,514203,,,,,,
2019-07-31,1814.0690224446344,1400.2524893283844,-33.9776598,18.4652457,-33.9771432,18.4657989,0.9303442166018041,24.38214111328125,0.24923716485500336,2915,,,,39,,73002894,2520329,,,,,,
2019-08-01,1749.2708493427785,856.052526652813,,,,,1.6099566220487689,31.933767318725586,0.21093933284282684,1870,,,,29,,78508471,1516191,,,,,,
2019-08-02,1812.5481957896848,2564.315748423338,-33.9774297,18.4595493,-33.9732802,18.4657636,0.7929087487731163,5.409999847412109,0.3170152008533478,4379,,,,46,,76947597,2497458,,,,,,
2019-08-03,1940.7838132826898,2292.5363844931126,,,,,0.4419636672359241,1.4453221559524536,0.021326666697859764,3367,,,,37,,68260066,4486060,,,,,,
2019-08-04,1738.0927973292828,1051.6453146338463,-34.3726877,18.8919209,-34.3710525,18.8937622,8.990184334813403,33.09744644165039,0.26794999837875366,1702,,,,24,,69650409,1338523,,,,,,
2019-08-05,1812.8015833317565,1950.9106925986707,,,,,0.7628960791736812,1.8229738473892212,0.25796255469322205,3235,,,,36,,75779937,2501387,,,,,,
2019-08-06,1656.7591721176127,,,,,,,,,175,,,,,,86318426,81574,,,,,,
2019-08-07,1850.8321300394152,1550.6682288646698,-33.977521,18.4652127,-33.9769122,18.4657963,0.7308902816563533,1.9170794486999512,0.2697921395301819,3069,,,,43,,77969775,3091143,,,,,,
2019-08-08,1815.4033696797871,1290.9469452500343,,,,,1.7077564677080452,31.59615135192871,0.21456103026866913,2266,,,,29,,76149830,2540501,,,,,,
2019-08-09,1757.670729404583,325.49500370025635,,,,,14.724421758950147,36.91400146484375,0.10133002698421478,994,,,,9,,67445011,1646450,,,,,,
2019-08-10,1717.840769707489,497.55906081199646,,,,,0.8546785816825693,25.9736270904541,0.25550517439842224,2589,,,,27,,80450163,1028791,,,,,,
2019-08-11,1747.02602231095,401.6262605190277,-34.5295334,20.0254078,-34.5292288,20.0256548,6.657260244061316,31.594890594482422,0.24787107110023499,1380,,,,17,,70732981,1481379,,,,,,
2019-08-12,1681.3202637653858,161.22780799865723,,,,,0.6987035433178548,0.7679777145385742,0.46720874309539795,963,,,,9,,78676793,462453,,,,,,
2019-08-13,1786.6180358573151,1193.4674716591835,,,,,0.9979363817688488,2.7824745178222656,0.30216723680496216,2665,,,,40,,80016144,2071814,,,,,,
2019-08-14,1753.9614398874007,1089.7265298366547,-33.9088511,18.4221646,-33.9069549,18.4232046,1.229233755073491,33.69548034667969,0.030325872823596,2233,,,,24,,79846296,1588930,,,,,,
2019-08-15,1786.0447947098053,1857.0926324129105,-33.8636118,18.6825475,-33.8585386,18.6858993,0.806622314212466,2.7594962120056152,0.08292844146490097,3128,,,,29,,83884552,2086459,,,,,,
2019-08-16,1749.7862130842686,912.1710078716278,,,,,0.9264322102876114,1.3973431587219238,0.2883663475513458,2337,,,,29,,80588423,1524182,,,,,,
2019-08-17,1730.3552111188342,558.2956977337599,,,,,0.6164845311657465,1.5973899364471436,0.3185999095439911,2652,,,,27,,82631759,1222857,,,,,,
2019-08-18,1827.508075361907,2081.1366091668606,-33.863644,18.6842325,-33.8625059,18.6859689,0.6771799914899622,2.221201181411743,0.0634690672159195,4409,,,,46,,79081599,2717079,,,,,,
2019-08-19,1763.7881200877,699.1175904273987,-33.9776957,18.4652503,-33.9774241,18.4657836,0.6882162968344693,1.3221309185028076,0.19308586418628693,1946,,,,28,,80463878,1741315,,,,,,
2019-08-20,1826.5542797049225,2897.737978219986,-33.8636145,18.6844549,-33.858777,18.6920737,0.926957238923365,4.360000133514404,0.6192319393157959,3270,,,,28,,83537828,1481712,359825,,,,,
2019-08-21,1749.5390779029306,883.562393039465,,,,,2.1074442030375007,31.184846878051758,0.33291634917259216,1710,,,,20,,78806257,1520350,,,,,,
2019-08-22,1890.0411365233326,2910.5543281435966,-33.8636538,18.684181,-33.8587079,18.6918348,0.8623361235589234,2.7200000286102295,0.25742292404174805,4704,,,,46,,72536339,1486202,695300,,,,,
2019-08-23,1718.4828190789037,544.0747048854828,,,,,0.8319770171830845,1.3053438663482666,0.36588478088378906,1837,,,,24,,80495797,1038748,,,,,,
2019-08-24,1835.1266230283707,1309.0706454515457,,,,,1.2098851830091275,28.073932647705078,0.052329566329717636,4242,,,,48,,71896758,2706288,62460,,,,,
2019-08-25,1791.0059744003963,1310.9639067053795,-33.8736035,18.6641572,-33.833145,18.738319,1.0415137568538009,1.3237056732177734,0.24976380169391632,3068,,,,38,,81370721,2163394,,,,,,
2019-08-26,1754.1430025394654,582.4054491519928,,,,,2.390217787795595,29.45392417907715,0.26906877756118774,1656,,,,20,,79428686,1591745,,,,,,
2019-08-27,1926.4528562499322,3177.8312034606934,-33.8625625,18.685731,-33.8587768,18.6920975,0.8567785285318208,3.799999952316284,0.25610649585723877,4488,,,,43,,80374432,1933286,672773,,,,,
2019-08-28,1858.860889803712,1574.3961131572723,-33.9777461,18.4652294,-33.8565708,18.6852175,0.7171811378196579,1.4822839498519897,0.20727039873600006,3485,,,,47,,76535181,3215648,,,,,,
2019-08-29,1863.0929400459338,1988.6792367696762,-33.9804052,18.4632475,-33.9773004,18.4657241,1.8822308783835662,30.728105545043945,0.10874870419502258,3798,,,,42,,77447142,3281275,,,,,,
2019-08-30,1856.82127904372,1754.8009345680475,-33.9776615,18.4651106,-33.9771702,18.4658518,2.74644909343381,35.60177993774414,0.02059314027428627,4006,,,,48,,72637037,3179242,,,,,,
2019-08-31,1773.868352997762,891.7078291773796,,,,,7.55260619773638,33.71848678588867,0.01784178428351879,2793,,,,33,,72462224,1892702,,,,,,
2019-09-01,1651.4989003380467,,,,,,,,,182,,,,,,77290794,,,,,,,
2019-09-02,1833.889863955698,1635.02237534523,,,,,0.8609820064491684,2.7012548446655273,0.28058382868766785,2723,,,,38,,72652052,2786760,,,,,,
2019-09-03,1670.8104102793504,91.94517707824707,,,,,0.5096578103210327,0.752325177192688,0.3101464807987213,301,,,,3,,83534632,299472,,,,,,
2019-09-04,1754.5001181740843,911.2642116546631,,,,,2.627946607456727,31.574901580810547,0.25560861825942993,2072,76.99996185302734,76.99996185302734,76.99996185302734,31,,78966542,1597281,,,,,,
2019-09-05,1793.9398015235658,1355.2396914958954,-33.9774639,18.4649472,-33.9773568,18.4656921,0.5693529820793766,1.6057835817337036,0.15384522080421448,2952,76.9999616021026,77.0,76.99993133544922,41,,74503233,2537767,,,,,,
2019-09-06,1865.1888158666293,1974.4594101458788,-33.9785014,18.4651149,-33.9772602,18.4658539,4.365499161534173,32.95893859863281,0.24608716368675232,4874,,,,66,,73391739,3108849,289118,,,,,
2019-09-07,1764.3662008726242,977.2333800792694,,,,,0.7450079602362794,1.4267860651016235,0.22896814346313477,3263,,,,37,,78029311,2160715,,,,,,
2019-09-08,1686.5412992005809,278.8787386417389,,,,,5.441755121577206,35.90105438232422,0.18530729413032532,760,,,,7,,71538140,913875,,,,,,
2019-09-09,1731.0800710344442,711.1784739494324,,,,,0.8029142607174254,1.3804503679275513,0.16873742640018463,1874,,,,26,,79148138,1627435,,,,,,
2019-09-10,1816.21294809195,2141.061532020569,-33.9805412,18.4632028,-33.9772929,18.465787,1.7553590834853756,32.575748443603516,0.02536875568330288,3891,,,,46,,75283935,2991356,,,,,,
2019-09-11,1859.346663176905,2716.9164073467255,-33.9804002,18.4637704,-33.9773859,18.4657834,2.408572499470004,33.43229675292969,0.10767095535993576,4857,,,,57,,71545619,3682405,,,,,,
2019-09-12,1875.642109480482,3091.1795271337032,-33.98076201274794,18.46293351288819,-33.9773558,18.4657956,2.285320965939674,32.12939453125,0.0373951680958271,5537,,,,64,,75423152,3943475,,,,,,
2019-09-13,1771.7199568371625,1112.2932360172272,,,,,1.9976098104977498,33.57827377319336,0.251742422580719,2155,,,,26,,71351604,2278532,,,,,,
2019-09-14,1968.2145207224023,2510.0799033492804,-33.9183028,18.5465175,-33.9164689,18.5481284,0.6239228900844166,1.3784421682357788,0.03405321016907692,6064,,,,74,,71332529,5285427,62242,,,,,
2019-09-15,1734.1497956347855,614.1555594205856,-33.853524,18.7259583,-33.8331612,18.7382549,0.4427496569433191,1.1082172393798828,0.272255003452301,1916,,,,22,,75378790,1467593,92166,,,,,
2019-09-16,1805.0288270545911,2292.202975988388,-33.9813761,18.4604844,-33.9773518,18.4657911,0.800050968602692,1.6067253351211548,0.23300449550151825,3873,,,,43,,76077475,2812175,,,,,,
2019-09-17,1747.4615457595082,960.3554795086384,-33.8591108,18.6825569,-33.8505527,18.6936033,0.5818586861381425,2.044640064239502,0.11871331930160522,1814,,,,27,,82583191,1669776,63464,,,,,
2019-09-18,1861.4709748049404,2016.9559584856033,-33.9810391,18.4618844,-33.977364,18.46578,1.3166889196194531,32.03202438354492,0.05559444800019264,4571,,,,60,,72460511,3225916,216290,,,,,
2019-09-19,1751.5127283000015,1523.9712007008493,,,,,2.00172079285664,32.947357177734375,0.3632742166519165,4042,,,,49,,73991269,1941266,,,,,,
2019-09-20,1808.497855426121,1610.0442061424255,,,,,1.143500231423533,16.677289962768555,0.2924576699733734,2991,,,,29,,54701501,2421578,196735,,,,,
2019-09-21,1813.0717300665242,1237.919903755188,,,,,0.8432406731252572,5.095208168029785,0.24835367500782013,5405,,,,58,,57447286,2731384,92441,,,,,
2019-09-22,1791.3278358251223,1002.6842105388641,,,,,0.646995718405147,1.3066877126693726,0.2610892057418823,3934,,,,46,,78644466,2592670,,,,,,
2019-09-23,1785.482991891697,1102.9785505533218,,,,,0.6660577308854787,1.4517956972122192,0.30270710587501526,3871,,,,43,,72606348,2499029,,,,,,
2019-09-24,1745.0197659263474,411.2451174259186,,,,,0.597323579675997,0.8180434703826904,0.2590004801750183,1041,,,,11,,76869813,1850765,,,,,,
2019-09-25,1753.77411011961,1106.0700232982635,,,,,1.6759067736435256,19.10917091369629,0.27175790071487427,2463,,,,28,,76690145,1991019,,,,,,
2019-09-26,1919.4637045048312,2131.958000041102,-33.9774217,18.4654418,-33.8584429,18.6857588,0.6156204692532092,3.2165842056274414,2.785515389405191E-4,2967,77.80000305175781,77.80000305175781,77.80000305175781,41,,67046130,4542800,,,,6120000,4200000,
2019-09-27,1898.5660520502322,1657.9585123260272,-33.8636607,18.6840868,-33.8634859,18.6842675,0.643771191860091,2.714672327041626,0.0010654489742591977,3023,,,,34,,55252103,4132776,,,,15780000,5400000,
2019-09-28,1768.0799883495338,1080.1201430225733,-33.8636121,18.6842294,-33.8477562,18.6946229,0.35873735378169663,1.4018559455871582,0.0014285714132711291,1280,,,,8,,28422395,2067132,,,,41940000,9960000,1320000
2019-09-29,1849.4367784980009,1073.8012989056376,-33.8636343,18.6841159,-33.8634886,18.6843178,1.0227289124199963,35.356689453125,0.00652362359687686,996,,,,,,34067813,1043910,1020000,,,32880000,9420000,2760000
2019-09-30,2030.4686262545486,4940.804820390519,-33.9811862,18.4630484,-33.8598475,18.6863745,0.2781199687374219,1.605555772781372,2.4154588754754514E-4,6122,,,,67,,44621664,5934661,240000,,3300000,24060000,3120000,1020000
2019-10-01,2063.7697966745227,3865.9066142306215,-33.8636448,18.6833078,-33.8586788,18.6919934,0.293797495241146,4.5619940757751465,0.0010437051532790065,3547,,,,31,,45492220,222467,2880000,,20280000,12360000,3000000,
2019-10-02,2024.9972745563996,3612.0101843799757,-33.9775905,18.465215,-33.8634023,18.6842955,0.4450747052577971,1.424558162689209,0.0,4534,,,,49,,47406113,6134230,,,,22440000,9060000,
2019-10-03,2495.585335840072,6385.147758373043,-33.9783501,18.4650024,-33.8576537,18.6920811,0.3743134611925668,4.558627605438232,0.0028708134777843952,7281,,,,52,,35706449,7629487,2521130,,,27300000,9840000,1980000
2019-10-04,1922.263939945151,3515.8841798221856,-33.9778563,18.4648832,-33.8598087,18.6915275,0.4960429807284516,3.9037325382232666,0.002923976629972458,3447,,,,48,,60124926,3284381,540000,,,14880000,4560000,
2019-10-05,1973.6521973397587,3561.3143999072854,-33.8998715,18.4746259,-33.8182134,18.6842626,1.1276533447537425,17.29155731201172,0.16469155251979828,6745,,,,79,,55487438,5321417,,,,11340000,2700000,
2019-10-06,2015.4823131588373,1617.3718237482988,-33.8636852,18.6714481,-33.8564532,18.6868375,0.19465449428289483,18.032657623291016,0.0019824805203825235,1907,,,,8,,40316474,5983605,,,,29880000,9240000,
2019-10-07,3373.577214729063,17741.440495990573,-33.9778115,18.4652448,-33.8391773,18.6966648,0.3933309049886626,12.162239074707031,0.0,5772,,,,33,,53432834,6936747,4200000,,,13800000,4080000,840000
2019-10-08,1812.0958829010526,1501.644796467235,-33.9777209,18.465159,-33.8636031,18.684271,0.7058733705075181,1.4695565700531006,0.25294002890586853,2955,,,,43,,64049863,2763920,,,,9780000,5160000,
2019-10-09,1787.246633398719,1380.0399538512922,-33.8636775,18.6842333,-33.8505905,18.6980846,1.7191161758219082,32.49906539916992,8.903134148567915E-4,3570,,,,35,,39620746,2370547,,,,20340000,7680000,
2019-10-10,2295.7590077500968,5824.851040451732,-33.9782668,18.4618005,-33.8566212,18.6842768,0.27186399983132026,3.7622203826904297,0.0,6560,,,,39,,49084396,7977875,1078030,,,19140000,7260000,
2019-10-11,2266.25595941132,5971.498924643788,-33.9780412,18.4592038,-33.857065,18.860762,1.0081254621110272,32.334896087646484,5.518763791769743E-4,5289,,,,69,,45288077,5618789,1740000,,,20580000,5640000,
2019-10-12,2235.530784882924,8098.577409252524,-33.9401889,18.579037,-33.8634725,18.8851883,0.3535632720560831,1.9740864038467407,0.0,8031,,,,76,,46735966,10242196,,,,14820000,5640000,
2019-10-13,1651.6537870340048,49.2100944519043,-33.8636362,18.6842437,-33.863526,18.6842801,0.6094672381877899,0.6689891815185547,0.5499452948570251,484,,,,4,,67168479,224062,,,,15660000,3300000,
2019-10-14,2050.457814809951,3929.610947354359,-33.9776422,18.4620091,-33.8583003,18.685547,0.3104199033185094,11.897514343261719,0.0,3448,,,,26,,47192495,3815293,1200000,,,22560000,8580000,
2019-10-15,2326.5472743455753,4376.533562795597,-33.9778368,18.4591198,-33.8564267,18.685742,0.21135024662594112,4.515359878540039,3.1545740785077214E-4,5087,,,,36,,49572266,7645108,1440000,,,17640000,3180000,2460000
2019-10-16,2335.128529140931,4795.053812980652,-33.9782561,18.46492,-33.8560832,18.6931254,0.20121705587785949,2.966184377670288,0.0,6389,,,,51,,34933266,8223829,1200000,,,25980000,14220000,
2019-10-17,1731.78250960509,100.09309005737305,-33.8636012,18.6842146,-33.8635388,18.684275,0.26294436827859935,0.5690586566925049,0.0,850,,,,2,,50533416,1492529,,,,25380000,7740000,
2019-10-18,2273.32964625662,5823.2309824542,-33.9811986,18.4634823,-33.8546287,18.6913652,0.780746937345478,32.08195877075195,0.0,7316,,,,74,,44325126,10428100,,,,18360000,9120000,
2019-10-19,3358.0937573512397,14851.484722702127,-34.2250238,18.4566438,29.9195448,52.661182,3.257716113156544,35.88372802734375,0.0,18389,,,,200,,24269788,8409094,8640000,,,25740000,9240000,540000
2019-10-20,2403.7409911890823,5567.685950471296,-33.8754505,18.6727733,-33.8171738,18.6958153,0.3106458114577115,18.707826614379883,0.0,5430,,,,55,,44366434,6786535,2460000,,,22440000,6960000,660000
2019-10-21,2167.6578647355236,4753.588819609748,-33.9776271,18.463726,-33.8564355,18.6856686,0.18434112581083326,4.431033611297607,0.002208835445344448,4492,,,,39,,44107030,8392601,,,,19440000,10440000,240000
2019-10-22,2667.458870144053,10150.934034109116,-33.977879,18.4618019,-33.8623498,18.6855341,0.3930430519457286,10.114043235778809,0.0,5744,,,,81,,44429813,8243804,1500000,,,22140000,8880000,
2019-10-23,1963.1181719140573,2047.4202101826668,-33.9600778,18.4782981,-33.8628235,18.6842903,0.5215526040847828,1.5831365585327148,0.0,3728,,,,27,,36784941,2571631,1140000,,,28140000,8400000,1080000
2019-10-24,1545.273993710677,1716.0,-33.8943731,18.682097,-33.8566826,18.6900898,0.29117450183212246,19.021291732788086,0.0,2613,,,,,,50270822,7246988,1380000,,,16980000,4320000,
2019-10-25,1868.690532212866,1702.6233139634132,-33.9777925,18.4653805,-33.9755106,18.4671089,1.1970154800388182,31.063873291015625,0.17874328792095184,4400,,,,59,,73059372,3659835,,,,,,
2019-10-26,1738.0874833638186,537.8511312007904,,,,,2.149513430337731,23.21380615234375,0.2976606488227844,2955,,,,32,,70680448,1592339,,,,,,
2019-10-27,1645.8147624143621,42.8802323858422,-33.8635733,18.6842263,-33.8635241,18.6842532,0.7028092741966248,0.7028092741966248,0.7028092741966248,680,,,,3,,70873731,131627,,,,6060000,6120000,
2019-10-28,1770.1673730451328,3675.6670215683134,-33.9804798,18.4634481,-33.863501,18.6842749,0.6974711526459446,32.524288177490234,0.0023092369083315134,5036,,,,42,,43872688,4542557,153265,,,24060000,6360000,960000
2019-10-29,1672.5466228153844,4219.6725669824245,-33.9777783,18.4645123,-33.8582836,18.6865363,0.29916841349964357,1.461111068725586,0.0,6046,,,,77,,42905560,5145583,3720000,,,23160000,9960000,
2019-10-30,1590.2978335949506,3135.2889739933353,-33.9779765,18.4645438,-33.8565703,18.6888599,0.1710892020905824,0.8166666626930237,0.0,4637,,,,56,,45856769,8023749,1260593,,,25020000,4800000,
2019-10-31,1687.1143596315187,3712.7355522633634,-33.9781775,18.4637228,-33.8618084,18.6880792,0.20014936126448193,0.8583332896232605,0.0,5518,,,,33,,55130918,7223412,600000,,,12540000,7080000,
2019-11-01,1816.291120967777,2640.8627102412283,-33.9775453,18.4652551,-33.9773686,18.4657283,0.5572434089876714,1.5598139762878418,0.2590004801750183,4587,,,,56,,73402805,2830331,,,,,,
2019-11-02,1704.0184965663782,953.1919928789139,,,,,1.065538877627036,34.75410461425781,0.2458554208278656,1667,,,,15,,79523703,1053014,,,,,,
2019-11-03,1754.3531447711985,1422.9347314834595,-33.8510946,18.6422836,-33.8499928,18.6441944,0.8074473485878221,16.23758888244629,0.25320711731910706,2565,,,,39,,75343977,1849831,,,,,,
2019-11-04,1882.291116936885,3523.5475072424283,-33.9822616,18.4632905,-33.8635396,18.6842803,0.7831744434026499,1.7138832807540894,0.2483992576599121,5672,,,,62,,65943253,3875137,,,,6960000,4200000,
2019-11-05,1636.3705194134113,4423.105490370524,-33.9930091,18.4625612,-33.8417471,18.6869338,0.7027262606365738,22.98306655883789,0.0,6603,,,,30,,46806876,12518516,,,,15480000,5100000,
2019-11-06,1811.5050749416966,1723.915284395218,-33.9776822,18.4651626,-33.9773876,18.4658445,1.293162208723016,37.45950698852539,0.24824191629886627,3026,,,,40,,74546303,2754568,,,,,,
2019-11-07,1894.5058379579787,3559.8884778041393,-33.9794719,18.4638985,-33.8515645,18.6974647,0.7876699339190435,1.6331195831298828,0.23928017914295197,5784,,,,66,,74685112,4065223,,,,,,
2019-11-08,1800.890327558542,2637.303352832794,,,,,0.8980986615986997,21.630064010620117,0.25333836674690247,4535,,,,45,,67339230,2586532,,,,,,
2019-11-09,1677.8164937086783,158.6378002166748,,,,,0.3688391589674559,0.6718157529830933,0.2697921693325043,365,,,,2,,83023690,638227,,,,,,
2019-11-10,1710.1914881435234,887.7761499881744,,,,,0.4933233340892297,2.0634853839874268,0.30995750427246094,1379,,,,18,,74694444,1132468,,,,,,
2019-11-11,1839.262576142452,3037.854047819972,-33.863628,18.684206,-33.8624634,18.6858629,0.7834244251407463,1.6548206806182861,0.03249874711036682,5180,,,,60,,74021441,3193980,,,480000,600000,1140000,
2019-11-12,2020.615078453436,2946.893703830093,-33.9779014,18.4607891,-33.8608713,18.6914232,0.47408181262129423,1.6397831439971924,0.004619225859642029,4545,,,,77,,34589161,6678497,1260000,,27000000,11760000,3660000,780000
2019-11-13,1724.6231860319149,25.68289290681502,-33.8636257,18.6841924,-33.8635258,18.6842823,3.2452476443722844E-4,3.2452476443722844E-4,3.2452476443722844E-4,1985,,,,25,,57775450,1379194,,,1020000,17520000,3720000,
2019-11-14,1705.8514200555876,580.6801433414221,-33.8818635,18.6824016,-33.8767311,18.6867787,0.4094461759067638,1.4153492450714111,0.24856841564178467,1119,,,,15,,82681673,1082030,,,,,,
2019-11-15,1785.2446223465715,2189.4584863185883,,,,,0.5549367930912171,1.3811556100845337,0.25963661074638367,3685,,,,53,,78812270,2338856,,,,,,
2019-11-16,1732.6573447209628,1449.397580832243,,,,,0.606635649034228,5.106886386871338,0.2590004801750183,2658,,,,30,,61291294,1506378,,,,,,
2019-11-17,1759.8429464376763,1149.9932640492916,,,,,0.5628847293155318,1.436179757118225,0.2434999942779541,2109,,,,24,,60109253,1936736,,,,,,
2019-11-18,1722.5787313730577,1372.1734249591827,,,,,0.7715566235831929,1.6259710788726807,0.3237505853176117,2407,,,,30,,80432266,1346114,,,,,,
2019-11-19,1780.579475239654,2031.5417139786593,-33.9776748,18.4651239,-33.8635607,18.6843018,0.5544519859437095,4.4808197021484375,0.1960984468460083,3158,,,,38,,67821031,2223052,,,,3300000,3000000,
2019-11-20,1639.7197163144747,2622.8530825120097,-33.977982,18.4134673,-33.8635361,18.6843018,0.24732176438649128,1.08978271484375,0.0,3838,,,,35,,41410549,6468535,330651,,,29220000,6180000,
2019-11-21,1747.2820094544284,2789.237083673477,-33.9776853,18.4648793,-33.8579183,18.6863351,0.2945311833708324,1.1140590906143188,0.0,4211,,,,46,,60766443,4386380,840000,,,13020000,,
2019-11-22,1923.1574601439115,3872.9025604724884,-33.9775461,18.465349,-33.976952,18.4657626,1.3703401631015597,30.83278465270996,0.027048839256167412,6170,,,,80,,73297564,4522066,,,,,,
2019-11-23,1688.964376616054,644.6767411231995,,,,,0.5590109563652124,18.771038055419922,0.2566245496273041,1325,,,,12,,80316960,814703,,,,,,
2019-11-24,1739.5945204584502,2236.374053686857,-33.8730228,18.6654527,-33.8564517,18.6842065,0.5005678541758751,3.353663444519043,0.2590004801750183,1940,,,,19,,81866629,1162915,,,,,,
2019-11-25,1742.6366577656238,1523.302646636963,-33.863687,18.684614,-33.8622643,18.6858819,0.617343932128574,1.2710376977920532,0.2697921693325043,2704,,,,36,,80821430,1664354,,,,,,
2019-11-26,1849.5216881057481,3135.669832468033,-33.9774681,18.465449,-33.9773389,18.4655176,0.5247616627959171,1.7233896255493164,0.27882495522499084,4862,,,,61,,75318109,3356385,,,,,,
2019-11-27,1689.259662087449,761.5803768634796,,,,,0.497960714301853,1.5212701559066772,0.2590004801750183,1421,,,,14,,78920445,819376,,,,,,
2019-11-28,1661.397524921415,578.537698507309,,,,,0.9502362714087006,17.843658447265625,0.2216660976409912,1007,,,,11,,81474472,336168,,,,,,
2019-11-29,1771.9192096205031,2308.059645667672,-33.9779094,18.4649099,-33.9772496,18.4657799,2.8048203846452724,33.39089584350586,0.2590004801750183,3768,,,,44,,79696574,2127909,,,,,,
2019-11-30,1988.8282696824338,6132.272930432111,-33.9397956,18.855506,-33.9336087,18.8640114,1.3364511878074563,27.586183547973633,0.2590004801750183,9435,,,,104,,72707986,4284736,492690,,,,,
2019-12-01,1974.0484679740712,4344.1878221035,-33.9617164,18.3853119,-33.8170579,18.6842749,0.5457070347729359,11.720368385314941,0.2373320758342743,6342,78.00013732910156,78.00013732910156,78.00013732910156,78,,67503526,5057034,,,,960000,4140000,
2019-12-02,1890.5273167669773,3796.678425180635,-33.9782301,18.4650259,-33.8622748,18.6865504,0.3264733167213389,3.115291118621826,0.01753472164273262,2862,78.61724046665478,80.29985046386719,76.99996185302734,35,,67794620,5049308,,,5400000,,4260000,
2019-12-03,1967.1591918135684,6280.511333285309,-33.9800649,18.4637302,-33.858687,18.6848464,0.32389216505515733,1.8600000143051147,0.002900232095271349,7969,79.31587943954406,80.30000305175781,78.29995727539062,112,,39886347,7058501,1320000,,17280000,10320000,4500000,1740000
2019-12-04,1731.9588517680143,7239.493975523053,-33.9809075,18.4604318,-33.8603023,18.6867772,0.3254429770790974,2.7527778148651123,0.0,9708,78.30000350629201,78.30001831054688,78.29994201660156,121,,38356838,8645522,2788066,,,29160000,4620000,
2019-12-05,1587.7494514502328,2472.384753394779,-33.8770543,18.6841743,-33.8499175,18.6950787,0.15939426272009863,0.5111111402511597,0.0,3711,,,,28,,56221964,8193628,,,,17220000,2880000,
2019-12-06,1937.325293532656,5037.82936176902,-33.8896561,18.6318141,-33.8619633,18.6842838,1.2108248051337163,35.42998123168945,0.0,7797,,,,92,,54605605,7469316,,,,10620000,900000,
2019-12-07,1655.7594007058487,535.6895952224731,,,,,0.4682311612785487,1.3192641735076904,0.2641713321208954,1147,,,,11,,84618256,403853,,,,,,
2019-12-08,2222.0731377785005,7646.07698610425,-33.886777,18.5280514,-33.8200743,18.6992689,0.8833139887670133,26.3624267578125,0.2550294101238251,12263,,,,167,,70042347,9282433,,,,,,
2019-12-09,1558.8219026746922,4237.328386306763,-33.9780066,18.46197,-33.8406647,18.6933008,0.16664740698937336,0.7750465869903564,0.0,6456,,,,84,,55163668,7512709,5820000,,,10440000,3420000,
2019-12-10,1694.9600293812955,1849.7342741966247,-33.9775813,18.4646221,-33.8349948,18.7009204,0.3736461435605328,1.348884105682373,0.0,3081,,,,36,,41178628,3662913,960000,,,26280000,7560000,
2019-12-11,1699.8320037457604,2214.205144715309,-33.9776034,18.4244364,-33.8635037,18.6850709,0.4055842530826486,1.5376148223876953,0.0,3392,,,,38,,54972671,3153926,240000,,,15900000,4200000,
2019-12-12,1691.9813139345986,1156.3391464625086,-33.8817443,18.6842486,-33.8627241,18.6855288,0.36814224461832684,1.30988609790802,0.2626318335533142,1931,,,,22,,72281207,971735,,,,8460000,2100000,
2019-12-13,1648.58836997884,6402.493024232558,-33.9812251,18.4632594,-33.8583904,18.6858911,0.25620353094231785,1.8249999284744263,0.0,9014,,,,95,,49101035,8992306,4140000,,,17820000,2280000,
2019-12-14,1704.0035546163474,785.6628310680389,,,,,3.3350994187199032,35.838504791259766,0.25320515036582947,1377,,,,14,,68301774,1022724,60793,,,,,
2019-12-15,1779.9144139296018,2294.7548238114705,-34.6125063,19.3681657,-34.6078447,19.5518462,1.4644983183672111,25.4554386138916,0.24989818036556244,4259,,,,49,,77021616,2350337,,,,,,
2019-12-16,1623.00501691466,2326.7496945782314,-34.6088444,18.6841285,-33.8635211,19.5528836,2.102597134914449,30.11513328552246,7.180650136433542E-4,3521,,,,42,,61350566,4301062,,,,4500000,,2280000
2019-12-17,1765.8260606159765,5945.47536178333,-33.977763,18.4618294,-33.8577314,18.6856175,0.42169569344138413,8.703797340393066,0.006135986652225256,6112,77.4000015258789,77.4000015258789,77.4000015258789,64,,46117592,2624325,6360000,,,22260000,4080000,3960000
2019-12-18,1618.4032214005788,1023.2467497770742,-33.9776861,18.465344,-33.8635097,18.6843138,0.5488659618652458,22.74047088623047,0.0,1724,,,,7,,48438927,2433022,1320000,,2760000,21480000,5280000,
2019-12-19,1682.9455491291117,1747.2484132647514,-33.8636502,18.6842007,-33.8635181,18.6842845,0.38956827487640383,1.635846495628357,0.0,3271,,,,25,,55145993,4454142,,,16920000,4200000,2520000,
2019-12-20,1697.2819862363815,1174.1423860788345,,,,,0.48623558852833004,1.9690896272659302,0.2550294101238251,1959,,,,19,,80404485,1212011,,,,,,
2019-12-21,1708.8563101145949,1689.0437432417998,-33.8636261,18.6823058,-33.8589343,18.6856377,0.921539436885701,1.6358654499053955,0.30816054344177246,2537,,,,24,,78976296,1395910,,,,2700000,3240000,
2019-12-22,1644.5934444102634,3602.1660884728303,-33.8636424,18.6837721,-33.7718649,18.9573535,0.2741459232222674,1.4833332300186157,0.0017117117531597614,5052,,,,49,,42345195,7015762,31220,,,25200000,6000000,1680000
2019-12-23,1719.087648781378,1070.0375782549381,,,,,0.5880910196550992,1.3865020275115967,0.2550294101238251,1956,,,,27,,78233378,1558471,,,,,,
2019-12-24,1698.6967553114093,927.7604553699493,,,,,0.47319287670367116,1.4875391721725464,0.26565563678741455,1749,,,,22,,80327696,1232485,,,,,,
2019-12-25,1634.8035416142227,359.4556164741516,,,,,0.6157744868069182,3.9882586002349854,0.3081960380077362,908,,,,6,,78343671,219320,,,,,,
2019-12-26,1636.0989396520995,264.5930495262146,,,,,0.3168823515147556,0.7817708849906921,0.2550294101238251,650,,,,5,,83819499,239902,,,,,,
2019-12-27,1795.798241073816,1685.0116411447525,-33.9776531,18.4652443,-33.9773697,18.4655711,0.6964041058799512,1.3409863710403442,0.231487438082695,2957,,,,39,,80151440,2777291,,,,,,
2019-12-28,1665.2883493786537,305.43302524089813,,,,,0.47503287803558075,1.2437360286712646,0.2762818932533264,1109,,,,7,,83335833,703677,,,,,,
2019-12-29,1724.6284000221135,988.4168224357412,,,,,0.38092198175601666,1.3972270488739014,0.2550294101238251,2002,,,,22,,67569408,1646504,,,8220000,1980000,,
2019-12-30,2047.583294071754,3557.771696863289,-33.9775741,18.4619156,-33.8583406,18.6854666,0.31303199174171087,2.0175342559814453,6.591337150894105E-4,4245,76.0,76.0,76.0,47,,43134263,8397603,3120000,,26640000,,,
2019-12-31,1798.4086440667327,1190.0000916719437,-33.9656449,18.6823119,-33.8325668,18.8591365,0.25686660741991313,1.5081220865249634,0.0,2172,,,,14,,49253989,3222399,2520000,,26340000,,,
2020-01-01,1769.1665370733738,2111.939743705094,-33.9434485,18.3755254,-33.8528118,18.6976509,1.0064843608097993,21.77035903930664,0.11285152286291122,3425,,,,41,,70522601,2631606,,,,,,
2020-01-02,1689.115760216999,1057.3143039941788,-33.8327593,18.6846288,-33.8165127,18.6946739,1.106990947112323,20.85654640197754,0.2550294101238251,1860,,,,23,,82065769,1332559,,,,,,
2020-01-03,1693.771042213351,954.3746900404055,,,,,0.5766182638092363,1.1244261264801025,0.2768910527229309,1729,,,,26,,63101319,1408104,,,,13380000,2280000,
2020-01-04,1796.7597320159782,8104.690677300636,-33.8636685,18.6212998,-33.797467,18.6842579,0.39917311152861046,1.5043104887008667,0.0,11501,,,,106,,51164117,4903203,4592909,,,13380000,2340000,
2020-01-05,1610.9595097470378,276.24983394145966,,,,,0.38895913534167514,0.7009156346321106,0.2848218083381653,1000,,,,5,,84063520,64256,,,,,,
2020-01-06,1694.8950407637117,1472.664378269184,-33.8636072,18.68423,-33.863564,18.6842688,0.4663329921184307,1.7290962934494019,0.26565563678741455,2313,,,,26,,73528615,1425638,,,,4380000,2280000,
2020-01-07,1590.9534726142883,2144.40025722317,-33.8637344,18.6841758,-33.8559071,18.6958936,0.2101090484971854,0.5357142686843872,0.0,3066,,,,19,,43155181,5476233,,,,28680000,6720000,
2020-01-08,1696.8812019190534,4743.7714884696015,-33.9781693,18.4597472,-33.8292833,18.68529,0.4263381362584904,1.5944443941116333,0.0,6754,,,,102,,56087690,6257725,1740000,,,16920000,2880000,
2020-01-09,1765.41562632304,2708.264182806015,-33.9819432,18.4638625,-33.9773699,18.4658648,0.5974106080824776,1.8291789293289185,0.2550294101238251,4664,,,,57,,76734505,2570737,,,,,,
2020-01-10,1801.2471447312037,3239.9463033676147,-33.979757,18.4639098,-33.9774517,18.4654797,0.636558878515291,1.6697341203689575,0.25038889050483704,5589,,,,64,,78825875,3148895,,,,,,
2020-01-11,1732.3306732579422,1632.3654088974,-33.9494592,23.1562039,-33.9486444,23.1572016,3.35324371997641,28.338951110839844,0.26565563678741455,2958,,,,42,,51999037,2033842,,,,,,
2020-01-12,2157.9103821350436,9194.521062731743,,,,,0.7025270198569524,1.4935564994812012,0.2504127323627472,14017,,,,160,,76660024,8940059,,,,,,
2020-01-13,1770.826299023273,2576.4502906799316,-34.0415835,23.0439375,-34.0406004,23.0454827,1.5380342728817726,19.540374755859375,0.2538335919380188,4333,,,,59,,70026702,2658542,,,,,,
2020-01-14,1773.488476726914,2443.941427707672,,,,,1.6798854498458837,28.818927764892578,0.23932942748069763,5160,,,,60,,69387020,2701740,,,,,,
2020-01-15,1380.26798905177,625.1354179382324,,,,,0.5724999866433327,1.2957212924957275,0.01092896144837141,20902,,,,253,,69701290,414868,,14640000,,,,
2020-01-16,1930.7906188409581,4904.0443234443665,,,,,1.3234609630502416,20.81999969482422,0.2550294101238251,7958,,,,98,,60390187,5254406,,,,12120000,2700000,900000
2020-01-17,1520.4958460983084,1854.8712595701218,-33.9873173,18.5048559,-33.8930911,22.608437,0.29298486105694604,2.0,0.0,3132,,,,17,,50168257,871524,7800000,,,13740000,5640000,
2020-01-18,1664.7432767965836,558.0440561175346,,,,,0.40387266408123296,1.433624267578125,0.006125007756054401,1642,,,,11,,81294218,937046,,,,,,
2020-01-19,1611.7719299139744,94.70680928230286,,,,,0.3871005555965463,0.6939424872398376,0.2521050274372101,622,,,,,,83413827,77439,,,,,,
2020-01-20,1891.2483718514884,3972.800353063158,-34.4316585,21.3347247,-34.4252525,21.3383572,0.48820917763000554,1.7929232120513916,0.1464492529630661,6647,,,,71,,62725725,4612725,,,,8580000,3240000,
2020-01-21,1684.7449075561078,2765.2642543186626,-34.0908861,20.9573337,-34.0908861,20.9573337,0.7652626756128734,28.121604919433594,0.0,5135,,,,48,,46740710,4933870,,,,19140000,4800000,1680000
2020-01-22,1638.397200690918,446.79670906066895,,,,,0.34887851318594626,1.0956907272338867,0.24899382889270782,961,,,,13,,84918695,509509,,,,,,
2020-01-23,1641.0064871871823,853.8294723033905,,,,,0.5482105223815776,1.2240947484970093,0.2550294101238251,2255,,,,25,,85177606,551852,,,,,,
2020-01-24,1921.8106804271242,7551.015769012769,,,,,0.5390387459769399,1.3576550483703613,0.25706222653388977,12122,,,,157,520310,75854411,4552723,,,,,,
2020-01-25,1565.6078095437654,3509.1858069229484,-34.023128,18.6336383,-33.8439887,20.4446256,0.15493848116736444,0.9472222328186035,0.0,5310,,,,32,,54893542,6780827,3900000,,300000,,,
2020-01-26,1535.7288999694088,2489.872755720381,-33.8636745,18.6722756,-33.8166068,18.6961009,0.10263073617168111,0.7121211886405945,0.0,3811,,,,52,,42210624,7847794,300000,,14880000,13740000,3720000,660000
2020-01-27,1778.9895753359858,1893.701221704483,-33.9781739,18.4618294,-33.8186362,18.6886201,0.9002407544071922,26.955305099487305,0.26565563678741455,3120,,,,36,,72973640,2789463,,,,,,
2020-01-28,1615.4304967175187,37.66106919832127,-33.8636846,18.6727165,-33.8159819,18.7163673,0.5856264233589172,0.5856264233589172,0.5856264233589172,303,,,,1,,83626737,136808,,,,,,
2020-01-29,1674.7072982028867,5404.415463642407,-33.980195,18.4630289,-33.8586081,18.6874369,0.3289860770976802,1.8999998569488525,0.001792114693671465,7387,,,,48,,74011544,8347904,900000,,,,,
2020-01-30,1732.5299221833802,1163.5871572494507,-33.9788662,18.4637271,-33.8585095,18.6872791,0.5136566801722223,1.4495562314987183,0.269292414188385,2169,,,,30,,79865077,2037074,,,,,,
2020-01-31,1693.4654688472535,1227.504462480545,-33.9774743,18.4619859,-33.857275,18.6845541,0.5478819870101828,1.4803591966629028,0.25224581360816956,2401,,,,28,,79842497,1403144,,,,,,
2020-02-01,1699.415436218266,1519.0262690782547,-33.863683,18.68231,-32.5932533,19.3087591,0.4226545399631486,1.5106816291809082,0.26565563678741455,2792,,,,31,,66830094,1499700,,,,,,
2020-02-02,1624.0850358879873,136.37613248825073,-34.0255831,18.683008,-32.594989,19.4901416,0.46600715083651373,1.0182538032531738,0.2762818932533264,411,,,,4,,61150541,277253,,,,,,
2020-02-03,1695.7967614825673,820.4284207671881,-33.9779936,18.4646378,-33.8564459,18.7142604,0.6762300132201713,1.274769902229309,0.2869080901145935,1508,,,,22,,80473361,1440976,,,,,,
2020-02-04,1621.2829036834103,160.03097915649414,-33.8636532,18.6842269,-33.8634902,18.6848829,0.4312649539699974,0.6732916831970215,0.23440206050872803,491,,,,1,,85886555,231780,,,,,,
2020-02-05,757.6133298193083,655.2528619337827,-33.9778487,18.4650158,-33.8596712,18.6917194,0.6293294807467301,1.1488276720046997,0.2503611147403717,1198,,,,13,,35208880,695343,,,,,,
